incident_id,timestamp,severity,category,symbol,trigger,risk_state,status
INC-0001,2026-08-26 09:00:16.520,HIGH,Execution Quality,SOLUSDT,"Slippage: 0.3763%, Latency: 432ms",THROTTLE,OPEN
INC-0002,2026-08-26 09:00:16.635,CRITICAL,Execution Quality,SOLUSDT,"Slippage: 0.1843%, Latency: 425ms",EMERGENCY_PAUSE,OPEN
INC-0003,2026-08-26 09:00:16.764,CRITICAL,Execution Quality,ETHUSDT,"Slippage: 0.3655%, Latency: 354ms",EMERGENCY_PAUSE,OPEN
INC-0004,2026-08-26 09:00:16.864,CRITICAL,Execution Quality,BTCUSDT,"Slippage: 0.4224%, Latency: 224ms",EMERGENCY_PAUSE,OPEN
INC-0005,2026-08-26 09:00:17.058,CRITICAL,Execution Quality,BTCUSDT,"Slippage: 0.4051%, Latency: 198ms",EMERGENCY_PAUSE,OPEN
INC-0006,2026-08-26 09:00:17.215,CRITICAL,Execution Quality,BTCUSDT,"Slippage: 0.1707%, Latency: 400ms",EMERGENCY_PAUSE,OPEN
INC-0007,2026-08-26 09:00:17.310,CRITICAL,Execution Quality,ETHUSDT,"Slippage: 0.4175%, Latency: 884ms",EMERGENCY_PAUSE,OPEN
INC-0008,2026-08-26 09:00:17.511,CRITICAL,Execution Quality,SOLUSDT,"Slippage: 0.3824%, Latency: 437ms",EMERGENCY_PAUSE,OPEN
INC-0009,2026-08-26 09:00:17.679,CRITICAL,Execution Quality,ETHUSDT,"Slippage: 0.176%, Latency: 333ms",EMERGENCY_PAUSE,OPEN
INC-0010,2026-08-26 09:00:17.795,CRITICAL,Execution Quality,SOLUSDT,"Slippage: 0.2475%, Latency: 301ms",EMERGENCY_PAUSE,OPEN
INC-0011,2026-08-26 09:00:37.171,HIGH,Execution Quality,BTCUSDT,"Slippage: 0.2992%, Latency: 221ms",THROTTLE,OPEN
INC-0012,2026-08-26 09:00:37.231,CRITICAL,Execution Quality,SOLUSDT,"Slippage: 0.3919%, Latency: 273ms",EMERGENCY_PAUSE,OPEN
INC-0013,2026-08-26 09:00:37.444,CRITICAL,Execution Quality,ETHUSDT,"Slippage: 0.2439%, Latency: 188ms",EMERGENCY_PAUSE,OPEN
INC-0014,2026-08-26 09:00:37.706,CRITICAL,Execution Quality,ETHUSDT,"Slippage: 0.2474%, Latency: 390ms",EMERGENCY_PAUSE,OPEN
INC-0015,2026-08-26 09:00:37.857,CRITICAL,Execution Quality,SOLUSDT,"Slippage: 0.223%, Latency: 284ms",EMERGENCY_PAUSE,OPEN
INC-0016,2026-08-26 09:00:37.956,CRITICAL,Execution Quality,ETHUSDT,"Slippage: 0.1729%, Latency: 610ms",EMERGENCY_PAUSE,OPEN
INC-0017,2026-08-26 09:00:38.056,CRITICAL,Execution Quality,ETHUSDT,"Slippage: 0.3945%, Latency: 579ms",EMERGENCY_PAUSE,OPEN
INC-0018,2026-08-26 09:00:38.299,CRITICAL,Execution Quality,BTCUSDT,"Slippage: 0.2031%, Latency: 220ms",EMERGENCY_PAUSE,OPEN
INC-0019,2026-08-26 09:00:38.597,CRITICAL,Execution Quality,SOLUSDT,"Slippage: 0.3429%, Latency: 498ms",EMERGENCY_PAUSE,OPEN
INC-0020,2026-08-26 09:00:38.661,CRITICAL,Execution Quality,SOLUSDT,"Slippage: 0.2827%, Latency: 436ms",EMERGENCY_PAUSE,OPEN
INC-0021,2026-08-26 09:00:59.328,HIGH,Execution Quality,ETHUSDT,"Slippage: 0.2362%, Latency: 429ms",THROTTLE,OPEN
INC-0022,2026-08-26 09:00:59.603,CRITICAL,Execution Quality,BTCUSDT,"Slippage: 0.431%, Latency: 374ms",EMERGENCY_PAUSE,OPEN
INC-0023,2026-08-26 09:00:59.890,CRITICAL,Execution Quality,BTCUSDT,"Slippage: 0.2986%, Latency: 558ms",EMERGENCY_PAUSE,OPEN
INC-0024,2026-08-26 09:01:00.104,CRITICAL,Execution Quality,ETHUSDT,"Slippage: 0.1822%, Latency: 374ms",EMERGENCY_PAUSE,OPEN
INC-0025,2026-08-26 09:01:00.238,CRITICAL,Execution Quality,SOLUSDT,"Slippage: 0.3013%, Latency: 1004ms",EMERGENCY_PAUSE,OPEN
INC-0026,2026-08-26 09:01:00.460,CRITICAL,Execution Quality,BTCUSDT,"Slippage: 0.1542%, Latency: 852ms",EMERGENCY_PAUSE,OPEN
INC-0027,2026-08-26 09:01:00.612,CRITICAL,Execution Quality,BTCUSDT,"Slippage: 0.2716%, Latency: 207ms",EMERGENCY_PAUSE,OPEN
INC-0028,2026-08-26 09:01:00.722,CRITICAL,Execution Quality,SOLUSDT,"Slippage: 0.2471%, Latency: 197ms",EMERGENCY_PAUSE,OPEN
INC-0029,2026-08-26 09:01:00.949,CRITICAL,Execution Quality,ETHUSDT,"Slippage: 0.3669%, Latency: 269ms",EMERGENCY_PAUSE,OPEN
INC-0030,2026-08-26 09:01:01.226,CRITICAL,Execution Quality,BTCUSDT,"Slippage: 0.1979%, Latency: 398ms",EMERGENCY_PAUSE,OPEN
INC-0031,2026-08-26 09:01:19.119,HIGH,Execution Quality,ETHUSDT,"Slippage: 0.2817%, Latency: 241ms",THROTTLE,OPEN
INC-0032,2026-08-26 09:01:19.377,CRITICAL,Execution Quality,BTCUSDT,"Slippage: 0.2785%, Latency: 205ms",EMERGENCY_PAUSE,OPEN
INC-0033,2026-08-26 09:01:19.501,CRITICAL,Execution Quality,BTCUSDT,"Slippage: 0.3291%, Latency: 413ms",EMERGENCY_PAUSE,OPEN
INC-0034,2026-08-26 09:01:19.743,CRITICAL,Execution Quality,ETHUSDT,"Slippage: 0.42%, Latency: 377ms",EMERGENCY_PAUSE,OPEN
INC-0035,2026-08-26 09:01:19.975,CRITICAL,Execution Quality,ETHUSDT,"Slippage: 0.1881%, Latency: 405ms",EMERGENCY_PAUSE,OPEN
INC-0036,2026-08-26 09:01:20.131,CRITICAL,Execution Quality,ETHUSDT,"Slippage: 0.2968%, Latency: 351ms",EMERGENCY_PAUSE,OPEN
INC-0037,2026-08-26 09:01:20.358,CRITICAL,Execution Quality,ETHUSDT,"Slippage: 0.3807%, Latency: 319ms",EMERGENCY_PAUSE,OPEN
INC-0038,2026-08-26 09:01:20.595,CRITICAL,Execution Quality,ETHUSDT,"Slippage: 0.1507%, Latency: 496ms",EMERGENCY_PAUSE,OPEN
INC-0039,2026-08-26 09:01:20.771,CRITICAL,Execution Quality,ETHUSDT,"Slippage: 0.2693%, Latency: 260ms",EMERGENCY_PAUSE,OPEN
INC-0040,2026-08-26 09:01:20.908,CRITICAL,Execution Quality,ETHUSDT,"Slippage: 0.3234%, Latency: 200ms",EMERGENCY_PAUSE,OPEN
INC-0041,2026-08-26 09:01:38.870,HIGH,Execution Quality,SOLUSDT,"Slippage: 0.3059%, Latency: 505ms",THROTTLE,OPEN
INC-0042,2026-08-26 09:01:38.945,CRITICAL,Execution Quality,SOLUSDT,"Slippage: 0.32%, Latency: 506ms",EMERGENCY_PAUSE,OPEN
INC-0043,2026-08-26 09:01:39.162,CRITICAL,Execution Quality,BTCUSDT,"Slippage: 0.414%, Latency: 542ms",EMERGENCY_PAUSE,OPEN
INC-0044,2026-08-26 09:01:39.221,CRITICAL,Execution Quality,ETHUSDT,"Slippage: 0.1932%, Latency: 216ms",EMERGENCY_PAUSE,OPEN
INC-0045,2026-08-26 09:01:39.357,CRITICAL,Execution Quality,ETHUSDT,"Slippage: 0.2926%, Latency: 527ms",EMERGENCY_PAUSE,OPEN
INC-0046,2026-08-26 09:01:39.441,CRITICAL,Execution Quality,ETHUSDT,"Slippage: 0.3589%, Latency: 197ms",EMERGENCY_PAUSE,OPEN
INC-0047,2026-08-26 09:01:39.604,CRITICAL,Execution Quality,ETHUSDT,"Slippage: 0.3686%, Latency: 194ms",EMERGENCY_PAUSE,OPEN
INC-0048,2026-08-26 09:01:39.694,CRITICAL,Execution Quality,BTCUSDT,"Slippage: 0.4102%, Latency: 250ms",EMERGENCY_PAUSE,OPEN
INC-0049,2026-08-26 09:01:39.788,CRITICAL,Execution Quality,BTCUSDT,"Slippage: 0.3842%, Latency: 771ms",EMERGENCY_PAUSE,OPEN
INC-0050,2026-08-26 09:01:39.908,CRITICAL,Execution Quality,BTCUSDT,"Slippage: 0.2869%, Latency: 536ms",EMERGENCY_PAUSE,OPEN
INC-0051,2026-08-26 09:01:58.464,HIGH,Execution Quality,SOLUSDT,"Slippage: 0.2853%, Latency: 485ms",THROTTLE,OPEN
INC-0052,2026-08-26 09:01:58.693,CRITICAL,Execution Quality,SOLUSDT,"Slippage: 0.3355%, Latency: 471ms",EMERGENCY_PAUSE,OPEN
INC-0053,2026-08-26 09:01:58.938,CRITICAL,Execution Quality,BTCUSDT,"Slippage: 0.3861%, Latency: 320ms",EMERGENCY_PAUSE,OPEN
INC-0054,2026-08-26 09:01:59.088,CRITICAL,Execution Quality,ETHUSDT,"Slippage: 0.2922%, Latency: 218ms",EMERGENCY_PAUSE,OPEN
INC-0055,2026-08-26 09:01:59.324,CRITICAL,Execution Quality,SOLUSDT,"Slippage: 0.3532%, Latency: 221ms",EMERGENCY_PAUSE,OPEN
INC-0056,2026-08-26 09:01:59.520,CRITICAL,Execution Quality,SOLUSDT,"Slippage: 0.4124%, Latency: 186ms",EMERGENCY_PAUSE,OPEN
INC-0057,2026-08-26 09:01:59.658,CRITICAL,Execution Quality,SOLUSDT,"Slippage: 0.2414%, Latency: 284ms",EMERGENCY_PAUSE,OPEN
INC-0058,2026-08-26 09:01:59.772,CRITICAL,Execution Quality,BTCUSDT,"Slippage: 0.1927%, Latency: 198ms",EMERGENCY_PAUSE,OPEN
INC-0059,2026-08-26 09:01:59.962,CRITICAL,Execution Quality,BTCUSDT,"Slippage: 0.4057%, Latency: 462ms",EMERGENCY_PAUSE,OPEN
INC-0060,2026-08-26 09:02:00.096,CRITICAL,Execution Quality,ETHUSDT,"Slippage: 0.1795%, Latency: 412ms",EMERGENCY_PAUSE,OPEN
INC-0061,2026-08-26 09:02:19.298,HIGH,Execution Quality,BTCUSDT,"Slippage: 0.2815%, Latency: 573ms",THROTTLE,OPEN
INC-0062,2026-08-26 09:02:19.550,CRITICAL,Execution Quality,ETHUSDT,"Slippage: 0.3898%, Latency: 1126ms",EMERGENCY_PAUSE,OPEN
INC-0063,2026-08-26 09:02:19.739,CRITICAL,Execution Quality,BTCUSDT,"Slippage: 0.1938%, Latency: 533ms",EMERGENCY_PAUSE,OPEN
INC-0064,2026-08-26 09:02:19.985,CRITICAL,Execution Quality,ETHUSDT,"Slippage: 0.3952%, Latency: 496ms",EMERGENCY_PAUSE,OPEN
INC-0065,2026-08-26 09:02:20.223,CRITICAL,Execution Quality,SOLUSDT,"Slippage: 0.2241%, Latency: 251ms",EMERGENCY_PAUSE,OPEN
INC-0066,2026-08-26 09:02:20.283,CRITICAL,Execution Quality,BTCUSDT,"Slippage: 0.2436%, Latency: 224ms",EMERGENCY_PAUSE,OPEN
INC-0067,2026-08-26 09:02:20.388,CRITICAL,Execution Quality,SOLUSDT,"Slippage: 0.2096%, Latency: 388ms",EMERGENCY_PAUSE,OPEN
INC-0068,2026-08-26 09:02:20.640,CRITICAL,Execution Quality,BTCUSDT,"Slippage: 0.2002%, Latency: 183ms",EMERGENCY_PAUSE,OPEN
INC-0069,2026-08-26 09:02:20.887,CRITICAL,Execution Quality,BTCUSDT,"Slippage: 0.3572%, Latency: 182ms",EMERGENCY_PAUSE,OPEN
INC-0070,2026-08-26 09:02:21.097,CRITICAL,Execution Quality,BTCUSDT,"Slippage: 0.3356%, Latency: 244ms",EMERGENCY_PAUSE,OPEN
INC-0071,2026-08-26 09:02:41.149,HIGH,Execution Quality,SOLUSDT,"Slippage: 0.4001%, Latency: 360ms",THROTTLE,OPEN
INC-0072,2026-08-26 09:02:41.399,CRITICAL,Execution Quality,BTCUSDT,"Slippage: 0.4176%, Latency: 223ms",EMERGENCY_PAUSE,OPEN
INC-0073,2026-08-26 09:02:41.502,CRITICAL,Execution Quality,ETHUSDT,"Slippage: 0.3675%, Latency: 207ms",EMERGENCY_PAUSE,OPEN
INC-0074,2026-08-26 09:02:41.559,CRITICAL,Execution Quality,SOLUSDT,"Slippage: 0.2561%, Latency: 242ms",EMERGENCY_PAUSE,OPEN
INC-0075,2026-08-26 09:02:41.830,CRITICAL,Execution Quality,ETHUSDT,"Slippage: 0.3213%, Latency: 250ms",EMERGENCY_PAUSE,OPEN
INC-0076,2026-08-26 09:02:42.092,CRITICAL,Execution Quality,ETHUSDT,"Slippage: 0.176%, Latency: 194ms",EMERGENCY_PAUSE,OPEN
INC-0077,2026-08-26 09:02:42.165,CRITICAL,Execution Quality,ETHUSDT,"Slippage: 0.2623%, Latency: 241ms",EMERGENCY_PAUSE,OPEN
INC-0078,2026-08-26 09:02:42.438,CRITICAL,Execution Quality,ETHUSDT,"Slippage: 0.1962%, Latency: 983ms",EMERGENCY_PAUSE,OPEN
INC-0079,2026-08-26 09:02:42.661,CRITICAL,Execution Quality,SOLUSDT,"Slippage: 0.4115%, Latency: 314ms",EMERGENCY_PAUSE,OPEN
INC-0080,2026-08-26 09:02:42.949,CRITICAL,Execution Quality,BTCUSDT,"Slippage: 0.3641%, Latency: 320ms",EMERGENCY_PAUSE,OPEN
INC-0081,2026-08-26 09:03:02.219,HIGH,Execution Quality,ETHUSDT,"Slippage: 0.3577%, Latency: 526ms",THROTTLE,OPEN
INC-0082,2026-08-26 09:03:02.472,CRITICAL,Execution Quality,ETHUSDT,"Slippage: 0.216%, Latency: 288ms",EMERGENCY_PAUSE,OPEN
INC-0083,2026-08-26 09:03:02.742,CRITICAL,Execution Quality,SOLUSDT,"Slippage: 0.2189%, Latency: 204ms",EMERGENCY_PAUSE,OPEN
INC-0084,2026-08-26 09:03:02.875,CRITICAL,Execution Quality,BTCUSDT,"Slippage: 0.369%, Latency: 190ms",EMERGENCY_PAUSE,OPEN
INC-0085,2026-08-26 09:03:03.175,CRITICAL,Execution Quality,ETHUSDT,"Slippage: 0.1947%, Latency: 266ms",EMERGENCY_PAUSE,OPEN
INC-0086,2026-08-26 09:03:03.432,CRITICAL,Execution Quality,BTCUSDT,"Slippage: 0.3013%, Latency: 777ms",EMERGENCY_PAUSE,OPEN
INC-0087,2026-08-26 09:03:03.725,CRITICAL,Execution Quality,SOLUSDT,"Slippage: 0.3175%, Latency: 337ms",EMERGENCY_PAUSE,OPEN
INC-0088,2026-08-26 09:03:03.816,CRITICAL,Execution Quality,BTCUSDT,"Slippage: 0.4497%, Latency: 221ms",EMERGENCY_PAUSE,OPEN
INC-0089,2026-08-26 09:03:04.089,CRITICAL,Execution Quality,SOLUSDT,"Slippage: 0.1573%, Latency: 346ms",EMERGENCY_PAUSE,OPEN
INC-0090,2026-08-26 09:03:04.299,CRITICAL,Execution Quality,SOLUSDT,"Slippage: 0.338%, Latency: 2110ms",EMERGENCY_PAUSE,OPEN
INC-0091,2026-08-26 09:03:24.005,HIGH,Execution Quality,ETHUSDT,"Slippage: 0.2269%, Latency: 514ms",THROTTLE,OPEN
INC-0092,2026-08-26 09:03:24.163,CRITICAL,Execution Quality,BTCUSDT,"Slippage: 0.2432%, Latency: 291ms",EMERGENCY_PAUSE,OPEN
INC-0093,2026-08-26 09:03:24.353,CRITICAL,Execution Quality,SOLUSDT,"Slippage: 0.1587%, Latency: 201ms",EMERGENCY_PAUSE,OPEN
INC-0094,2026-08-26 09:03:24.557,CRITICAL,Execution Quality,BTCUSDT,"Slippage: 0.156%, Latency: 1405ms",EMERGENCY_PAUSE,OPEN
INC-0095,2026-08-26 09:03:24.848,CRITICAL,Execution Quality,ETHUSDT,"Slippage: 0.259%, Latency: 682ms",EMERGENCY_PAUSE,OPEN
INC-0096,2026-08-26 09:03:25.046,CRITICAL,Execution Quality,SOLUSDT,"Slippage: 0.3001%, Latency: 265ms",EMERGENCY_PAUSE,OPEN
INC-0097,2026-08-26 09:03:25.309,CRITICAL,Execution Quality,SOLUSDT,"Slippage: 0.3299%, Latency: 312ms",EMERGENCY_PAUSE,OPEN
INC-0098,2026-08-26 09:03:25.413,CRITICAL,Execution Quality,SOLUSDT,"Slippage: 0.4307%, Latency: 319ms",EMERGENCY_PAUSE,OPEN
INC-0099,2026-08-26 09:03:25.491,CRITICAL,Execution Quality,ETHUSDT,"Slippage: 0.1668%, Latency: 655ms",EMERGENCY_PAUSE,OPEN
INC-0100,2026-08-26 09:03:25.662,CRITICAL,Execution Quality,ETHUSDT,"Slippage: 0.2333%, Latency: 236ms",EMERGENCY_PAUSE,OPEN
INC-0101,2026-08-26 09:03:44.803,HIGH,Execution Quality,ETHUSDT,"Slippage: 0.1643%, Latency: 1403ms",THROTTLE,OPEN
INC-0102,2026-08-26 09:03:45.081,CRITICAL,Execution Quality,SOLUSDT,"Slippage: 0.3916%, Latency: 623ms",EMERGENCY_PAUSE,OPEN
INC-0103,2026-08-26 09:03:45.313,CRITICAL,Execution Quality,SOLUSDT,"Slippage: 0.3854%, Latency: 243ms",EMERGENCY_PAUSE,OPEN
INC-0104,2026-08-26 09:03:45.400,CRITICAL,Execution Quality,ETHUSDT,"Slippage: 0.2078%, Latency: 1136ms",EMERGENCY_PAUSE,OPEN
INC-0105,2026-08-26 09:03:45.564,CRITICAL,Execution Quality,SOLUSDT,"Slippage: 0.1687%, Latency: 229ms",EMERGENCY_PAUSE,OPEN
INC-0106,2026-08-26 09:03:45.763,CRITICAL,Execution Quality,BTCUSDT,"Slippage: 0.3177%, Latency: 508ms",EMERGENCY_PAUSE,OPEN
INC-0107,2026-08-26 09:03:45.854,CRITICAL,Execution Quality,ETHUSDT,"Slippage: 0.4343%, Latency: 316ms",EMERGENCY_PAUSE,OPEN
INC-0108,2026-08-26 09:03:46.081,CRITICAL,Execution Quality,BTCUSDT,"Slippage: 0.4404%, Latency: 587ms",EMERGENCY_PAUSE,OPEN
INC-0109,2026-08-26 09:03:46.285,CRITICAL,Execution Quality,BTCUSDT,"Slippage: 0.4332%, Latency: 683ms",EMERGENCY_PAUSE,OPEN
INC-0110,2026-08-26 09:03:46.430,CRITICAL,Execution Quality,ETHUSDT,"Slippage: 0.1621%, Latency: 217ms",EMERGENCY_PAUSE,OPEN
INC-0111,2026-08-26 09:04:05.922,HIGH,Execution Quality,ETHUSDT,"Slippage: 0.1917%, Latency: 229ms",THROTTLE,OPEN
INC-0112,2026-08-26 09:04:05.999,CRITICAL,Execution Quality,SOLUSDT,"Slippage: 0.2672%, Latency: 304ms",EMERGENCY_PAUSE,OPEN
INC-0113,2026-08-26 09:04:06.260,CRITICAL,Execution Quality,ETHUSDT,"Slippage: 0.2014%, Latency: 1174ms",EMERGENCY_PAUSE,OPEN
INC-0114,2026-08-26 09:04:06.384,CRITICAL,Execution Quality,SOLUSDT,"Slippage: 0.4234%, Latency: 300ms",EMERGENCY_PAUSE,OPEN
INC-0115,2026-08-26 09:04:06.534,CRITICAL,Execution Quality,SOLUSDT,"Slippage: 0.1533%, Latency: 426ms",EMERGENCY_PAUSE,OPEN
INC-0116,2026-08-26 09:04:06.636,CRITICAL,Execution Quality,BTCUSDT,"Slippage: 0.3729%, Latency: 233ms",EMERGENCY_PAUSE,OPEN
INC-0117,2026-08-26 09:04:06.765,CRITICAL,Execution Quality,BTCUSDT,"Slippage: 0.3494%, Latency: 197ms",EMERGENCY_PAUSE,OPEN
INC-0118,2026-08-26 09:04:06.831,CRITICAL,Execution Quality,SOLUSDT,"Slippage: 0.2326%, Latency: 281ms",EMERGENCY_PAUSE,OPEN
INC-0119,2026-08-26 09:04:07.069,CRITICAL,Execution Quality,ETHUSDT,"Slippage: 0.4138%, Latency: 289ms",EMERGENCY_PAUSE,OPEN
INC-0120,2026-08-26 09:04:07.219,CRITICAL,Execution Quality,BTCUSDT,"Slippage: 0.254%, Latency: 220ms",EMERGENCY_PAUSE,OPEN
INC-0121,2026-08-26 09:04:26.506,HIGH,Execution Quality,ETHUSDT,"Slippage: 0.2017%, Latency: 478ms",THROTTLE,OPEN
INC-0122,2026-08-26 09:04:26.650,CRITICAL,Execution Quality,SOLUSDT,"Slippage: 0.3451%, Latency: 379ms",EMERGENCY_PAUSE,OPEN
INC-0123,2026-08-26 09:04:26.850,CRITICAL,Execution Quality,BTCUSDT,"Slippage: 0.3424%, Latency: 314ms",EMERGENCY_PAUSE,OPEN
INC-0124,2026-08-26 09:04:27.065,CRITICAL,Execution Quality,SOLUSDT,"Slippage: 0.3883%, Latency: 617ms",EMERGENCY_PAUSE,OPEN
INC-0125,2026-08-26 09:04:27.252,CRITICAL,Execution Quality,SOLUSDT,"Slippage: 0.2476%, Latency: 383ms",EMERGENCY_PAUSE,OPEN
INC-0126,2026-08-26 09:04:27.427,CRITICAL,Execution Quality,BTCUSDT,"Slippage: 0.3168%, Latency: 338ms",EMERGENCY_PAUSE,OPEN
INC-0127,2026-08-26 09:04:27.654,CRITICAL,Execution Quality,BTCUSDT,"Slippage: 0.3476%, Latency: 667ms",EMERGENCY_PAUSE,OPEN
INC-0128,2026-08-26 09:04:27.745,CRITICAL,Execution Quality,BTCUSDT,"Slippage: 0.1869%, Latency: 214ms",EMERGENCY_PAUSE,OPEN
INC-0129,2026-08-26 09:04:27.934,CRITICAL,Execution Quality,BTCUSDT,"Slippage: 0.444%, Latency: 268ms",EMERGENCY_PAUSE,OPEN
INC-0130,2026-08-26 09:04:28.215,CRITICAL,Execution Quality,BTCUSDT,"Slippage: 0.2245%, Latency: 244ms",EMERGENCY_PAUSE,OPEN
INC-0131,2026-08-26 09:04:48.253,HIGH,Execution Quality,BTCUSDT,"Slippage: 0.3155%, Latency: 435ms",THROTTLE,OPEN
INC-0132,2026-08-26 09:04:48.481,CRITICAL,Execution Quality,BTCUSDT,"Slippage: 0.3587%, Latency: 274ms",EMERGENCY_PAUSE,OPEN
INC-0133,2026-08-26 09:04:48.571,CRITICAL,Execution Quality,ETHUSDT,"Slippage: 0.3245%, Latency: 491ms",EMERGENCY_PAUSE,OPEN
INC-0134,2026-08-26 09:04:48.659,CRITICAL,Execution Quality,BTCUSDT,"Slippage: 0.1731%, Latency: 228ms",EMERGENCY_PAUSE,OPEN
INC-0135,2026-08-26 09:04:48.795,CRITICAL,Execution Quality,BTCUSDT,"Slippage: 0.3596%, Latency: 795ms",EMERGENCY_PAUSE,OPEN
INC-0136,2026-08-26 09:04:48.973,CRITICAL,Execution Quality,ETHUSDT,"Slippage: 0.4143%, Latency: 239ms",EMERGENCY_PAUSE,OPEN
INC-0137,2026-08-26 09:04:49.089,CRITICAL,Execution Quality,BTCUSDT,"Slippage: 0.4345%, Latency: 353ms",EMERGENCY_PAUSE,OPEN
INC-0138,2026-08-26 09:04:49.389,CRITICAL,Execution Quality,SOLUSDT,"Slippage: 0.197%, Latency: 786ms",EMERGENCY_PAUSE,OPEN
INC-0139,2026-08-26 09:04:49.593,CRITICAL,Execution Quality,BTCUSDT,"Slippage: 0.2677%, Latency: 246ms",EMERGENCY_PAUSE,OPEN
INC-0140,2026-08-26 09:04:49.738,CRITICAL,Execution Quality,BTCUSDT,"Slippage: 0.2715%, Latency: 222ms",EMERGENCY_PAUSE,OPEN
INC-0141,2026-08-26 09:05:08.292,HIGH,Execution Quality,BTCUSDT,"Slippage: 0.2857%, Latency: 298ms",THROTTLE,OPEN
INC-0142,2026-08-26 09:05:08.379,CRITICAL,Execution Quality,BTCUSDT,"Slippage: 0.2421%, Latency: 333ms",EMERGENCY_PAUSE,OPEN
INC-0143,2026-08-26 09:05:08.598,CRITICAL,Execution Quality,ETHUSDT,"Slippage: 0.4182%, Latency: 536ms",EMERGENCY_PAUSE,OPEN
INC-0144,2026-08-26 09:05:08.749,CRITICAL,Execution Quality,SOLUSDT,"Slippage: 0.3151%, Latency: 185ms",EMERGENCY_PAUSE,OPEN
INC-0145,2026-08-26 09:05:08.986,CRITICAL,Execution Quality,SOLUSDT,"Slippage: 0.2318%, Latency: 315ms",EMERGENCY_PAUSE,OPEN
INC-0146,2026-08-26 09:05:09.146,CRITICAL,Execution Quality,ETHUSDT,"Slippage: 0.3282%, Latency: 387ms",EMERGENCY_PAUSE,OPEN
INC-0147,2026-08-26 09:05:09.264,CRITICAL,Execution Quality,BTCUSDT,"Slippage: 0.2159%, Latency: 237ms",EMERGENCY_PAUSE,OPEN
INC-0148,2026-08-26 09:05:09.414,CRITICAL,Execution Quality,BTCUSDT,"Slippage: 0.4148%, Latency: 698ms",EMERGENCY_PAUSE,OPEN
INC-0149,2026-08-26 09:05:09.552,CRITICAL,Execution Quality,BTCUSDT,"Slippage: 0.2305%, Latency: 288ms",EMERGENCY_PAUSE,OPEN
INC-0150,2026-08-26 09:05:09.761,CRITICAL,Execution Quality,SOLUSDT,"Slippage: 0.1509%, Latency: 770ms",EMERGENCY_PAUSE,OPEN
INC-0151,2026-08-26 09:05:28.455,HIGH,Execution Quality,ETHUSDT,"Slippage: 0.2831%, Latency: 312ms",THROTTLE,OPEN
INC-0152,2026-08-26 09:05:28.734,CRITICAL,Execution Quality,ETHUSDT,"Slippage: 0.2726%, Latency: 241ms",EMERGENCY_PAUSE,OPEN
INC-0153,2026-08-26 09:05:28.910,CRITICAL,Execution Quality,SOLUSDT,"Slippage: 0.2274%, Latency: 242ms",EMERGENCY_PAUSE,OPEN
INC-0154,2026-08-26 09:05:28.969,CRITICAL,Execution Quality,BTCUSDT,"Slippage: 0.3354%, Latency: 559ms",EMERGENCY_PAUSE,OPEN
INC-0155,2026-08-26 09:05:29.085,CRITICAL,Execution Quality,BTCUSDT,"Slippage: 0.3652%, Latency: 202ms",EMERGENCY_PAUSE,OPEN
INC-0156,2026-08-26 09:05:29.224,CRITICAL,Execution Quality,ETHUSDT,"Slippage: 0.256%, Latency: 592ms",EMERGENCY_PAUSE,OPEN
INC-0157,2026-08-26 09:05:29.486,CRITICAL,Execution Quality,BTCUSDT,"Slippage: 0.1732%, Latency: 661ms",EMERGENCY_PAUSE,OPEN
INC-0158,2026-08-26 09:05:29.628,CRITICAL,Execution Quality,SOLUSDT,"Slippage: 0.2349%, Latency: 467ms",EMERGENCY_PAUSE,OPEN
INC-0159,2026-08-26 09:05:29.772,CRITICAL,Execution Quality,ETHUSDT,"Slippage: 0.4327%, Latency: 357ms",EMERGENCY_PAUSE,OPEN
INC-0160,2026-08-26 09:05:29.952,CRITICAL,Execution Quality,BTCUSDT,"Slippage: 0.1577%, Latency: 246ms",EMERGENCY_PAUSE,OPEN
INC-0161,2026-08-26 09:05:49.142,HIGH,Execution Quality,SOLUSDT,"Slippage: 0.2332%, Latency: 239ms",THROTTLE,OPEN
INC-0162,2026-08-26 09:05:49.342,CRITICAL,Execution Quality,BTCUSDT,"Slippage: 0.2449%, Latency: 190ms",EMERGENCY_PAUSE,OPEN
INC-0163,2026-08-26 09:05:49.408,CRITICAL,Execution Quality,SOLUSDT,"Slippage: 0.271%, Latency: 308ms",EMERGENCY_PAUSE,OPEN
INC-0164,2026-08-26 09:05:49.587,CRITICAL,Execution Quality,BTCUSDT,"Slippage: 0.283%, Latency: 434ms",EMERGENCY_PAUSE,OPEN
INC-0165,2026-08-26 09:05:49.667,CRITICAL,Execution Quality,ETHUSDT,"Slippage: 0.4323%, Latency: 276ms",EMERGENCY_PAUSE,OPEN
INC-0166,2026-08-26 09:05:49.740,CRITICAL,Execution Quality,ETHUSDT,"Slippage: 0.3199%, Latency: 214ms",EMERGENCY_PAUSE,OPEN
INC-0167,2026-08-26 09:05:49.845,CRITICAL,Execution Quality,BTCUSDT,"Slippage: 0.4397%, Latency: 917ms",EMERGENCY_PAUSE,OPEN
INC-0168,2026-08-26 09:05:50.136,CRITICAL,Execution Quality,SOLUSDT,"Slippage: 0.433%, Latency: 543ms",EMERGENCY_PAUSE,OPEN
INC-0169,2026-08-26 09:05:50.291,CRITICAL,Execution Quality,BTCUSDT,"Slippage: 0.2361%, Latency: 352ms",EMERGENCY_PAUSE,OPEN
INC-0170,2026-08-26 09:05:50.364,CRITICAL,Execution Quality,BTCUSDT,"Slippage: 0.4438%, Latency: 684ms",EMERGENCY_PAUSE,OPEN
INC-0171,2026-08-26 09:06:10.264,HIGH,Execution Quality,BTCUSDT,"Slippage: 0.3127%, Latency: 288ms",THROTTLE,OPEN
INC-0172,2026-08-26 09:06:10.520,CRITICAL,Execution Quality,BTCUSDT,"Slippage: 0.416%, Latency: 246ms",EMERGENCY_PAUSE,OPEN
INC-0173,2026-08-26 09:06:10.654,CRITICAL,Execution Quality,SOLUSDT,"Slippage: 0.2722%, Latency: 900ms",EMERGENCY_PAUSE,OPEN
INC-0174,2026-08-26 09:06:10.774,CRITICAL,Execution Quality,SOLUSDT,"Slippage: 0.2399%, Latency: 306ms",EMERGENCY_PAUSE,OPEN
INC-0175,2026-08-26 09:06:11.052,CRITICAL,Execution Quality,SOLUSDT,"Slippage: 0.377%, Latency: 359ms",EMERGENCY_PAUSE,OPEN
INC-0176,2026-08-26 09:06:11.322,CRITICAL,Execution Quality,SOLUSDT,"Slippage: 0.3781%, Latency: 257ms",EMERGENCY_PAUSE,OPEN
INC-0177,2026-08-26 09:06:11.426,CRITICAL,Execution Quality,ETHUSDT,"Slippage: 0.2048%, Latency: 486ms",EMERGENCY_PAUSE,OPEN
INC-0178,2026-08-26 09:06:11.622,CRITICAL,Execution Quality,ETHUSDT,"Slippage: 0.1809%, Latency: 886ms",EMERGENCY_PAUSE,OPEN
INC-0179,2026-08-26 09:06:11.841,CRITICAL,Execution Quality,SOLUSDT,"Slippage: 0.2689%, Latency: 351ms",EMERGENCY_PAUSE,OPEN
INC-0180,2026-08-26 09:06:11.959,CRITICAL,Execution Quality,BTCUSDT,"Slippage: 0.346%, Latency: 376ms",EMERGENCY_PAUSE,OPEN
INC-0181,2026-08-26 09:06:32.046,HIGH,Execution Quality,SOLUSDT,"Slippage: 0.4264%, Latency: 226ms",THROTTLE,OPEN
INC-0182,2026-08-26 09:06:32.166,CRITICAL,Execution Quality,ETHUSDT,"Slippage: 0.3978%, Latency: 451ms",EMERGENCY_PAUSE,OPEN
INC-0183,2026-08-26 09:06:32.423,CRITICAL,Execution Quality,BTCUSDT,"Slippage: 0.2157%, Latency: 223ms",EMERGENCY_PAUSE,OPEN
INC-0184,2026-08-26 09:06:32.579,CRITICAL,Execution Quality,BTCUSDT,"Slippage: 0.1562%, Latency: 318ms",EMERGENCY_PAUSE,OPEN
INC-0185,2026-08-26 09:06:32.879,CRITICAL,Execution Quality,SOLUSDT,"Slippage: 0.3243%, Latency: 250ms",EMERGENCY_PAUSE,OPEN
INC-0186,2026-08-26 09:06:33.159,CRITICAL,Execution Quality,ETHUSDT,"Slippage: 0.391%, Latency: 713ms",EMERGENCY_PAUSE,OPEN
INC-0187,2026-08-26 09:06:33.388,CRITICAL,Execution Quality,BTCUSDT,"Slippage: 0.358%, Latency: 735ms",EMERGENCY_PAUSE,OPEN
INC-0188,2026-08-26 09:06:33.464,CRITICAL,Execution Quality,BTCUSDT,"Slippage: 0.4457%, Latency: 202ms",EMERGENCY_PAUSE,OPEN
INC-0189,2026-08-26 09:06:33.633,CRITICAL,Execution Quality,SOLUSDT,"Slippage: 0.3435%, Latency: 304ms",EMERGENCY_PAUSE,OPEN
INC-0190,2026-08-26 09:06:33.688,CRITICAL,Execution Quality,ETHUSDT,"Slippage: 0.3273%, Latency: 425ms",EMERGENCY_PAUSE,OPEN
INC-0191,2026-08-26 09:06:52.996,HIGH,Execution Quality,SOLUSDT,"Slippage: 0.3275%, Latency: 603ms",THROTTLE,OPEN
INC-0192,2026-08-26 09:06:53.225,CRITICAL,Execution Quality,BTCUSDT,"Slippage: 0.1932%, Latency: 585ms",EMERGENCY_PAUSE,OPEN
INC-0193,2026-08-26 09:06:53.489,CRITICAL,Execution Quality,BTCUSDT,"Slippage: 0.3769%, Latency: 434ms",EMERGENCY_PAUSE,OPEN
INC-0194,2026-08-26 09:06:53.727,CRITICAL,Execution Quality,SOLUSDT,"Slippage: 0.2356%, Latency: 264ms",EMERGENCY_PAUSE,OPEN
INC-0195,2026-08-26 09:06:53.793,CRITICAL,Execution Quality,BTCUSDT,"Slippage: 0.2255%, Latency: 190ms",EMERGENCY_PAUSE,OPEN
INC-0196,2026-08-26 09:06:54.073,CRITICAL,Execution Quality,ETHUSDT,"Slippage: 0.3767%, Latency: 204ms",EMERGENCY_PAUSE,OPEN
INC-0197,2026-08-26 09:06:54.215,CRITICAL,Execution Quality,SOLUSDT,"Slippage: 0.1765%, Latency: 248ms",EMERGENCY_PAUSE,OPEN
INC-0198,2026-08-26 09:06:54.359,CRITICAL,Execution Quality,SOLUSDT,"Slippage: 0.2457%, Latency: 867ms",EMERGENCY_PAUSE,OPEN
INC-0199,2026-08-26 09:06:54.419,CRITICAL,Execution Quality,ETHUSDT,"Slippage: 0.4497%, Latency: 696ms",EMERGENCY_PAUSE,OPEN
INC-0200,2026-08-26 09:06:54.572,CRITICAL,Execution Quality,SOLUSDT,"Slippage: 0.2473%, Latency: 305ms",EMERGENCY_PAUSE,OPEN
INC-0201,2026-08-26 09:07:14.365,HIGH,Execution Quality,ETHUSDT,"Slippage: 0.3469%, Latency: 720ms",THROTTLE,OPEN
INC-0202,2026-08-26 09:07:14.616,CRITICAL,Execution Quality,BTCUSDT,"Slippage: 0.3604%, Latency: 338ms",EMERGENCY_PAUSE,OPEN
INC-0203,2026-08-26 09:07:14.747,CRITICAL,Execution Quality,BTCUSDT,"Slippage: 0.3092%, Latency: 697ms",EMERGENCY_PAUSE,OPEN
INC-0204,2026-08-26 09:07:14.896,CRITICAL,Execution Quality,BTCUSDT,"Slippage: 0.2924%, Latency: 457ms",EMERGENCY_PAUSE,OPEN
INC-0205,2026-08-26 09:07:15.077,CRITICAL,Execution Quality,SOLUSDT,"Slippage: 0.303%, Latency: 649ms",EMERGENCY_PAUSE,OPEN
INC-0206,2026-08-26 09:07:15.194,CRITICAL,Execution Quality,BTCUSDT,"Slippage: 0.4019%, Latency: 774ms",EMERGENCY_PAUSE,OPEN
INC-0207,2026-08-26 09:07:15.429,CRITICAL,Execution Quality,ETHUSDT,"Slippage: 0.2461%, Latency: 517ms",EMERGENCY_PAUSE,OPEN
INC-0208,2026-08-26 09:07:15.722,CRITICAL,Execution Quality,ETHUSDT,"Slippage: 0.2174%, Latency: 286ms",EMERGENCY_PAUSE,OPEN
INC-0209,2026-08-26 09:07:15.969,CRITICAL,Execution Quality,SOLUSDT,"Slippage: 0.1972%, Latency: 363ms",EMERGENCY_PAUSE,OPEN
INC-0210,2026-08-26 09:07:16.216,CRITICAL,Execution Quality,BTCUSDT,"Slippage: 0.3185%, Latency: 493ms",EMERGENCY_PAUSE,OPEN
INC-0211,2026-08-26 09:07:34.336,HIGH,Execution Quality,ETHUSDT,"Slippage: 0.3622%, Latency: 438ms",THROTTLE,OPEN
INC-0212,2026-08-26 09:07:34.471,CRITICAL,Execution Quality,SOLUSDT,"Slippage: 0.4363%, Latency: 281ms",EMERGENCY_PAUSE,OPEN
INC-0213,2026-08-26 09:07:34.705,CRITICAL,Execution Quality,BTCUSDT,"Slippage: 0.3312%, Latency: 433ms",EMERGENCY_PAUSE,OPEN
INC-0214,2026-08-26 09:07:34.841,CRITICAL,Execution Quality,BTCUSDT,"Slippage: 0.2582%, Latency: 381ms",EMERGENCY_PAUSE,OPEN
INC-0215,2026-08-26 09:07:35.059,CRITICAL,Execution Quality,BTCUSDT,"Slippage: 0.3003%, Latency: 605ms",EMERGENCY_PAUSE,OPEN
INC-0216,2026-08-26 09:07:35.220,CRITICAL,Execution Quality,SOLUSDT,"Slippage: 0.4481%, Latency: 401ms",EMERGENCY_PAUSE,OPEN
INC-0217,2026-08-26 09:07:35.281,CRITICAL,Execution Quality,SOLUSDT,"Slippage: 0.3141%, Latency: 284ms",EMERGENCY_PAUSE,OPEN
INC-0218,2026-08-26 09:07:35.437,CRITICAL,Execution Quality,ETHUSDT,"Slippage: 0.4395%, Latency: 341ms",EMERGENCY_PAUSE,OPEN
INC-0219,2026-08-26 09:07:35.705,CRITICAL,Execution Quality,ETHUSDT,"Slippage: 0.2169%, Latency: 225ms",EMERGENCY_PAUSE,OPEN
INC-0220,2026-08-26 09:07:35.811,CRITICAL,Execution Quality,BTCUSDT,"Slippage: 0.2684%, Latency: 1130ms",EMERGENCY_PAUSE,OPEN
INC-0221,2026-08-26 09:07:55.653,HIGH,Execution Quality,BTCUSDT,"Slippage: 0.2284%, Latency: 371ms",THROTTLE,OPEN
INC-0222,2026-08-26 09:07:55.808,CRITICAL,Execution Quality,BTCUSDT,"Slippage: 0.195%, Latency: 379ms",EMERGENCY_PAUSE,OPEN
INC-0223,2026-08-26 09:07:55.901,CRITICAL,Execution Quality,BTCUSDT,"Slippage: 0.2609%, Latency: 924ms",EMERGENCY_PAUSE,OPEN
INC-0224,2026-08-26 09:07:56.012,CRITICAL,Execution Quality,SOLUSDT,"Slippage: 0.1618%, Latency: 182ms",EMERGENCY_PAUSE,OPEN
INC-0225,2026-08-26 09:07:56.302,CRITICAL,Execution Quality,ETHUSDT,"Slippage: 0.1551%, Latency: 182ms",EMERGENCY_PAUSE,OPEN
INC-0226,2026-08-26 09:07:56.416,CRITICAL,Execution Quality,SOLUSDT,"Slippage: 0.3906%, Latency: 185ms",EMERGENCY_PAUSE,OPEN
INC-0227,2026-08-26 09:07:56.712,CRITICAL,Execution Quality,SOLUSDT,"Slippage: 0.3716%, Latency: 470ms",EMERGENCY_PAUSE,OPEN
INC-0228,2026-08-26 09:07:56.945,CRITICAL,Execution Quality,SOLUSDT,"Slippage: 0.4141%, Latency: 269ms",EMERGENCY_PAUSE,OPEN
INC-0229,2026-08-26 09:07:57.168,CRITICAL,Execution Quality,BTCUSDT,"Slippage: 0.3519%, Latency: 225ms",EMERGENCY_PAUSE,OPEN
INC-0230,2026-08-26 09:07:57.223,CRITICAL,Execution Quality,ETHUSDT,"Slippage: 0.3501%, Latency: 371ms",EMERGENCY_PAUSE,OPEN
INC-0231,2026-08-26 09:08:18.437,HIGH,Execution Quality,SOLUSDT,"Slippage: 0.189%, Latency: 1254ms",THROTTLE,OPEN
INC-0232,2026-08-26 09:08:18.694,CRITICAL,Execution Quality,SOLUSDT,"Slippage: 0.2856%, Latency: 370ms",EMERGENCY_PAUSE,OPEN
INC-0233,2026-08-26 09:08:18.866,CRITICAL,Execution Quality,BTCUSDT,"Slippage: 0.2206%, Latency: 967ms",EMERGENCY_PAUSE,OPEN
INC-0234,2026-08-26 09:08:18.932,CRITICAL,Execution Quality,BTCUSDT,"Slippage: 0.2325%, Latency: 478ms",EMERGENCY_PAUSE,OPEN
INC-0235,2026-08-26 09:08:19.216,CRITICAL,Execution Quality,SOLUSDT,"Slippage: 0.2653%, Latency: 293ms",EMERGENCY_PAUSE,OPEN
INC-0236,2026-08-26 09:08:19.392,CRITICAL,Execution Quality,ETHUSDT,"Slippage: 0.4002%, Latency: 288ms",EMERGENCY_PAUSE,OPEN
INC-0237,2026-08-26 09:08:19.616,CRITICAL,Execution Quality,SOLUSDT,"Slippage: 0.3545%, Latency: 463ms",EMERGENCY_PAUSE,OPEN
INC-0238,2026-08-26 09:08:19.859,CRITICAL,Execution Quality,SOLUSDT,"Slippage: 0.4149%, Latency: 235ms",EMERGENCY_PAUSE,OPEN
INC-0239,2026-08-26 09:08:19.951,CRITICAL,Execution Quality,ETHUSDT,"Slippage: 0.287%, Latency: 341ms",EMERGENCY_PAUSE,OPEN
INC-0240,2026-08-26 09:08:20.101,CRITICAL,Execution Quality,ETHUSDT,"Slippage: 0.2624%, Latency: 372ms",EMERGENCY_PAUSE,OPEN
INC-0241,2026-08-26 09:08:39.375,HIGH,Execution Quality,ETHUSDT,"Slippage: 0.2976%, Latency: 581ms",THROTTLE,OPEN
INC-0242,2026-08-26 09:08:39.515,CRITICAL,Execution Quality,SOLUSDT,"Slippage: 0.2045%, Latency: 281ms",EMERGENCY_PAUSE,OPEN
INC-0243,2026-08-26 09:08:39.650,CRITICAL,Execution Quality,ETHUSDT,"Slippage: 0.2989%, Latency: 625ms",EMERGENCY_PAUSE,OPEN
INC-0244,2026-08-26 09:08:39.914,CRITICAL,Execution Quality,BTCUSDT,"Slippage: 0.393%, Latency: 240ms",EMERGENCY_PAUSE,OPEN
INC-0245,2026-08-26 09:08:39.999,CRITICAL,Execution Quality,ETHUSDT,"Slippage: 0.256%, Latency: 341ms",EMERGENCY_PAUSE,OPEN
INC-0246,2026-08-26 09:08:40.296,CRITICAL,Execution Quality,SOLUSDT,"Slippage: 0.2298%, Latency: 1032ms",EMERGENCY_PAUSE,OPEN
INC-0247,2026-08-26 09:08:40.377,CRITICAL,Execution Quality,ETHUSDT,"Slippage: 0.1652%, Latency: 223ms",EMERGENCY_PAUSE,OPEN
INC-0248,2026-08-26 09:08:40.444,CRITICAL,Execution Quality,ETHUSDT,"Slippage: 0.3257%, Latency: 182ms",EMERGENCY_PAUSE,OPEN
INC-0249,2026-08-26 09:08:40.538,CRITICAL,Execution Quality,SOLUSDT,"Slippage: 0.3503%, Latency: 401ms",EMERGENCY_PAUSE,OPEN
INC-0250,2026-08-26 09:08:40.798,CRITICAL,Execution Quality,BTCUSDT,"Slippage: 0.3923%, Latency: 201ms",EMERGENCY_PAUSE,OPEN
INC-0251,2026-08-26 09:09:01.140,HIGH,Execution Quality,BTCUSDT,"Slippage: 0.1971%, Latency: 338ms",THROTTLE,OPEN
INC-0252,2026-08-26 09:09:01.219,CRITICAL,Execution Quality,SOLUSDT,"Slippage: 0.2136%, Latency: 192ms",EMERGENCY_PAUSE,OPEN
INC-0253,2026-08-26 09:09:01.380,CRITICAL,Execution Quality,BTCUSDT,"Slippage: 0.1549%, Latency: 402ms",EMERGENCY_PAUSE,OPEN
INC-0254,2026-08-26 09:09:01.665,CRITICAL,Execution Quality,ETHUSDT,"Slippage: 0.4024%, Latency: 217ms",EMERGENCY_PAUSE,OPEN
INC-0255,2026-08-26 09:09:01.813,CRITICAL,Execution Quality,SOLUSDT,"Slippage: 0.3143%, Latency: 778ms",EMERGENCY_PAUSE,OPEN
INC-0256,2026-08-26 09:09:01.925,CRITICAL,Execution Quality,BTCUSDT,"Slippage: 0.4193%, Latency: 240ms",EMERGENCY_PAUSE,OPEN
INC-0257,2026-08-26 09:09:02.171,CRITICAL,Execution Quality,SOLUSDT,"Slippage: 0.3859%, Latency: 183ms",EMERGENCY_PAUSE,OPEN
INC-0258,2026-08-26 09:09:02.423,CRITICAL,Execution Quality,SOLUSDT,"Slippage: 0.4099%, Latency: 549ms",EMERGENCY_PAUSE,OPEN
INC-0259,2026-08-26 09:09:02.707,CRITICAL,Execution Quality,BTCUSDT,"Slippage: 0.4484%, Latency: 232ms",EMERGENCY_PAUSE,OPEN
INC-0260,2026-08-26 09:09:02.869,CRITICAL,Execution Quality,BTCUSDT,"Slippage: 0.433%, Latency: 263ms",EMERGENCY_PAUSE,OPEN
INC-0261,2026-08-26 09:09:22.603,HIGH,Execution Quality,SOLUSDT,"Slippage: 0.437%, Latency: 257ms",THROTTLE,OPEN
INC-0262,2026-08-26 09:09:22.723,CRITICAL,Execution Quality,BTCUSDT,"Slippage: 0.1883%, Latency: 191ms",EMERGENCY_PAUSE,OPEN
INC-0263,2026-08-26 09:09:22.805,CRITICAL,Execution Quality,SOLUSDT,"Slippage: 0.3651%, Latency: 269ms",EMERGENCY_PAUSE,OPEN
INC-0264,2026-08-26 09:09:22.878,CRITICAL,Execution Quality,SOLUSDT,"Slippage: 0.1624%, Latency: 259ms",EMERGENCY_PAUSE,OPEN
INC-0265,2026-08-26 09:09:22.942,CRITICAL,Execution Quality,ETHUSDT,"Slippage: 0.2688%, Latency: 215ms",EMERGENCY_PAUSE,OPEN
INC-0266,2026-08-26 09:09:23.148,CRITICAL,Execution Quality,ETHUSDT,"Slippage: 0.2879%, Latency: 420ms",EMERGENCY_PAUSE,OPEN
INC-0267,2026-08-26 09:09:23.304,CRITICAL,Execution Quality,SOLUSDT,"Slippage: 0.1569%, Latency: 496ms",EMERGENCY_PAUSE,OPEN
INC-0268,2026-08-26 09:09:23.545,CRITICAL,Execution Quality,SOLUSDT,"Slippage: 0.3324%, Latency: 385ms",EMERGENCY_PAUSE,OPEN
INC-0269,2026-08-26 09:09:23.805,CRITICAL,Execution Quality,SOLUSDT,"Slippage: 0.2291%, Latency: 329ms",EMERGENCY_PAUSE,OPEN
INC-0270,2026-08-26 09:09:24.095,CRITICAL,Execution Quality,ETHUSDT,"Slippage: 0.1953%, Latency: 575ms",EMERGENCY_PAUSE,OPEN
INC-0271,2026-08-26 09:09:44.103,HIGH,Execution Quality,ETHUSDT,"Slippage: 0.3225%, Latency: 415ms",THROTTLE,OPEN
INC-0272,2026-08-26 09:09:44.275,CRITICAL,Execution Quality,SOLUSDT,"Slippage: 0.2485%, Latency: 503ms",EMERGENCY_PAUSE,OPEN
INC-0273,2026-08-26 09:09:44.544,CRITICAL,Execution Quality,SOLUSDT,"Slippage: 0.31%, Latency: 411ms",EMERGENCY_PAUSE,OPEN
INC-0274,2026-08-26 09:09:44.627,CRITICAL,Execution Quality,ETHUSDT,"Slippage: 0.1524%, Latency: 303ms",EMERGENCY_PAUSE,OPEN
INC-0275,2026-08-26 09:09:44.809,CRITICAL,Execution Quality,BTCUSDT,"Slippage: 0.163%, Latency: 225ms",EMERGENCY_PAUSE,OPEN
INC-0276,2026-08-26 09:09:44.892,CRITICAL,Execution Quality,ETHUSDT,"Slippage: 0.2738%, Latency: 308ms",EMERGENCY_PAUSE,OPEN
INC-0277,2026-08-26 09:09:45.179,CRITICAL,Execution Quality,BTCUSDT,"Slippage: 0.2334%, Latency: 537ms",EMERGENCY_PAUSE,OPEN
INC-0278,2026-08-26 09:09:45.452,CRITICAL,Execution Quality,BTCUSDT,"Slippage: 0.1664%, Latency: 344ms",EMERGENCY_PAUSE,OPEN
INC-0279,2026-08-26 09:09:45.723,CRITICAL,Execution Quality,ETHUSDT,"Slippage: 0.3702%, Latency: 314ms",EMERGENCY_PAUSE,OPEN
INC-0280,2026-08-26 09:09:45.915,CRITICAL,Execution Quality,ETHUSDT,"Slippage: 0.3384%, Latency: 566ms",EMERGENCY_PAUSE,OPEN
INC-0281,2026-08-26 09:10:05.667,HIGH,Execution Quality,ETHUSDT,"Slippage: 0.4017%, Latency: 197ms",THROTTLE,OPEN
INC-0282,2026-08-26 09:10:05.719,CRITICAL,Execution Quality,ETHUSDT,"Slippage: 0.3253%, Latency: 212ms",EMERGENCY_PAUSE,OPEN
INC-0283,2026-08-26 09:10:05.799,CRITICAL,Execution Quality,SOLUSDT,"Slippage: 0.2683%, Latency: 196ms",EMERGENCY_PAUSE,OPEN
INC-0284,2026-08-26 09:10:06.079,CRITICAL,Execution Quality,BTCUSDT,"Slippage: 0.1617%, Latency: 532ms",EMERGENCY_PAUSE,OPEN
INC-0285,2026-08-26 09:10:06.326,CRITICAL,Execution Quality,BTCUSDT,"Slippage: 0.3104%, Latency: 558ms",EMERGENCY_PAUSE,OPEN
INC-0286,2026-08-26 09:10:06.460,CRITICAL,Execution Quality,BTCUSDT,"Slippage: 0.3167%, Latency: 182ms",EMERGENCY_PAUSE,OPEN
INC-0287,2026-08-26 09:10:06.723,CRITICAL,Execution Quality,ETHUSDT,"Slippage: 0.2211%, Latency: 832ms",EMERGENCY_PAUSE,OPEN
INC-0288,2026-08-26 09:10:06.887,CRITICAL,Execution Quality,SOLUSDT,"Slippage: 0.4096%, Latency: 810ms",EMERGENCY_PAUSE,OPEN
INC-0289,2026-08-26 09:10:07.040,CRITICAL,Execution Quality,ETHUSDT,"Slippage: 0.3539%, Latency: 796ms",EMERGENCY_PAUSE,OPEN
INC-0290,2026-08-26 09:10:07.232,CRITICAL,Execution Quality,BTCUSDT,"Slippage: 0.4405%, Latency: 245ms",EMERGENCY_PAUSE,OPEN
INC-0291,2026-08-26 09:10:27.490,HIGH,Execution Quality,BTCUSDT,"Slippage: 0.3582%, Latency: 355ms",THROTTLE,OPEN
INC-0292,2026-08-26 09:10:27.552,CRITICAL,Execution Quality,BTCUSDT,"Slippage: 0.3078%, Latency: 976ms",EMERGENCY_PAUSE,OPEN
INC-0293,2026-08-26 09:10:27.640,CRITICAL,Execution Quality,ETHUSDT,"Slippage: 0.3583%, Latency: 418ms",EMERGENCY_PAUSE,OPEN
INC-0294,2026-08-26 09:10:27.724,CRITICAL,Execution Quality,BTCUSDT,"Slippage: 0.2209%, Latency: 464ms",EMERGENCY_PAUSE,OPEN
INC-0295,2026-08-26 09:10:27.928,CRITICAL,Execution Quality,BTCUSDT,"Slippage: 0.325%, Latency: 468ms",EMERGENCY_PAUSE,OPEN
INC-0296,2026-08-26 09:10:27.981,CRITICAL,Execution Quality,ETHUSDT,"Slippage: 0.191%, Latency: 240ms",EMERGENCY_PAUSE,OPEN
INC-0297,2026-08-26 09:10:28.074,CRITICAL,Execution Quality,BTCUSDT,"Slippage: 0.2069%, Latency: 182ms",EMERGENCY_PAUSE,OPEN
INC-0298,2026-08-26 09:10:28.350,CRITICAL,Execution Quality,BTCUSDT,"Slippage: 0.2642%, Latency: 1057ms",EMERGENCY_PAUSE,OPEN
INC-0299,2026-08-26 09:10:28.636,CRITICAL,Execution Quality,BTCUSDT,"Slippage: 0.1575%, Latency: 217ms",EMERGENCY_PAUSE,OPEN
INC-0300,2026-08-26 09:10:28.892,CRITICAL,Execution Quality,SOLUSDT,"Slippage: 0.4496%, Latency: 401ms",EMERGENCY_PAUSE,OPEN
INC-0301,2026-08-26 09:10:47.228,HIGH,Execution Quality,ETHUSDT,"Slippage: 0.2153%, Latency: 531ms",THROTTLE,OPEN
INC-0302,2026-08-26 09:10:47.436,CRITICAL,Execution Quality,SOLUSDT,"Slippage: 0.4046%, Latency: 703ms",EMERGENCY_PAUSE,OPEN
INC-0303,2026-08-26 09:10:47.488,CRITICAL,Execution Quality,SOLUSDT,"Slippage: 0.4066%, Latency: 229ms",EMERGENCY_PAUSE,OPEN
INC-0304,2026-08-26 09:10:47.596,CRITICAL,Execution Quality,ETHUSDT,"Slippage: 0.3928%, Latency: 279ms",EMERGENCY_PAUSE,OPEN
INC-0305,2026-08-26 09:10:47.828,CRITICAL,Execution Quality,BTCUSDT,"Slippage: 0.2631%, Latency: 223ms",EMERGENCY_PAUSE,OPEN
INC-0306,2026-08-26 09:10:48.035,CRITICAL,Execution Quality,SOLUSDT,"Slippage: 0.3883%, Latency: 379ms",EMERGENCY_PAUSE,OPEN
INC-0307,2026-08-26 09:10:48.279,CRITICAL,Execution Quality,ETHUSDT,"Slippage: 0.1509%, Latency: 212ms",EMERGENCY_PAUSE,OPEN
INC-0308,2026-08-26 09:10:48.530,CRITICAL,Execution Quality,ETHUSDT,"Slippage: 0.1966%, Latency: 195ms",EMERGENCY_PAUSE,OPEN
INC-0309,2026-08-26 09:10:48.608,CRITICAL,Execution Quality,ETHUSDT,"Slippage: 0.2511%, Latency: 385ms",EMERGENCY_PAUSE,OPEN
INC-0310,2026-08-26 09:10:48.753,CRITICAL,Execution Quality,BTCUSDT,"Slippage: 0.2489%, Latency: 831ms",EMERGENCY_PAUSE,OPEN
INC-0311,2026-08-26 09:11:06.652,HIGH,Execution Quality,BTCUSDT,"Slippage: 0.2328%, Latency: 445ms",THROTTLE,OPEN
INC-0312,2026-08-26 09:11:06.809,CRITICAL,Execution Quality,BTCUSDT,"Slippage: 0.4184%, Latency: 1507ms",EMERGENCY_PAUSE,OPEN
INC-0313,2026-08-26 09:11:06.870,CRITICAL,Execution Quality,BTCUSDT,"Slippage: 0.2253%, Latency: 209ms",EMERGENCY_PAUSE,OPEN
INC-0314,2026-08-26 09:11:06.925,CRITICAL,Execution Quality,ETHUSDT,"Slippage: 0.4075%, Latency: 504ms",EMERGENCY_PAUSE,OPEN
INC-0315,2026-08-26 09:11:07.018,CRITICAL,Execution Quality,BTCUSDT,"Slippage: 0.2017%, Latency: 494ms",EMERGENCY_PAUSE,OPEN
INC-0316,2026-08-26 09:11:07.136,CRITICAL,Execution Quality,ETHUSDT,"Slippage: 0.2302%, Latency: 538ms",EMERGENCY_PAUSE,OPEN
INC-0317,2026-08-26 09:11:07.331,CRITICAL,Execution Quality,ETHUSDT,"Slippage: 0.3003%, Latency: 795ms",EMERGENCY_PAUSE,OPEN
INC-0318,2026-08-26 09:11:07.575,CRITICAL,Execution Quality,BTCUSDT,"Slippage: 0.3108%, Latency: 217ms",EMERGENCY_PAUSE,OPEN
INC-0319,2026-08-26 09:11:07.812,CRITICAL,Execution Quality,BTCUSDT,"Slippage: 0.3565%, Latency: 376ms",EMERGENCY_PAUSE,OPEN
INC-0320,2026-08-26 09:11:08.085,CRITICAL,Execution Quality,SOLUSDT,"Slippage: 0.4372%, Latency: 206ms",EMERGENCY_PAUSE,OPEN
INC-0321,2026-08-26 09:11:26.248,HIGH,Execution Quality,ETHUSDT,"Slippage: 0.1611%, Latency: 232ms",THROTTLE,OPEN
INC-0322,2026-08-26 09:11:26.527,CRITICAL,Execution Quality,SOLUSDT,"Slippage: 0.1737%, Latency: 360ms",EMERGENCY_PAUSE,OPEN
INC-0323,2026-08-26 09:11:26.606,CRITICAL,Execution Quality,ETHUSDT,"Slippage: 0.2677%, Latency: 196ms",EMERGENCY_PAUSE,OPEN
INC-0324,2026-08-26 09:11:26.884,CRITICAL,Execution Quality,ETHUSDT,"Slippage: 0.1508%, Latency: 383ms",EMERGENCY_PAUSE,OPEN
INC-0325,2026-08-26 09:11:26.997,CRITICAL,Execution Quality,BTCUSDT,"Slippage: 0.3119%, Latency: 309ms",EMERGENCY_PAUSE,OPEN
INC-0326,2026-08-26 09:11:27.243,CRITICAL,Execution Quality,SOLUSDT,"Slippage: 0.1572%, Latency: 332ms",EMERGENCY_PAUSE,OPEN
INC-0327,2026-08-26 09:11:27.364,CRITICAL,Execution Quality,BTCUSDT,"Slippage: 0.3962%, Latency: 945ms",EMERGENCY_PAUSE,OPEN
INC-0328,2026-08-26 09:11:27.592,CRITICAL,Execution Quality,SOLUSDT,"Slippage: 0.1537%, Latency: 187ms",EMERGENCY_PAUSE,OPEN
INC-0329,2026-08-26 09:11:27.694,CRITICAL,Execution Quality,ETHUSDT,"Slippage: 0.3576%, Latency: 857ms",EMERGENCY_PAUSE,OPEN
INC-0330,2026-08-26 09:11:27.863,CRITICAL,Execution Quality,SOLUSDT,"Slippage: 0.21%, Latency: 559ms",EMERGENCY_PAUSE,OPEN
INC-0331,2026-08-26 09:11:45.386,HIGH,Execution Quality,BTCUSDT,"Slippage: 0.4102%, Latency: 984ms",THROTTLE,OPEN
INC-0332,2026-08-26 09:11:45.490,CRITICAL,Execution Quality,BTCUSDT,"Slippage: 0.2395%, Latency: 299ms",EMERGENCY_PAUSE,OPEN
INC-0333,2026-08-26 09:11:45.728,CRITICAL,Execution Quality,SOLUSDT,"Slippage: 0.3581%, Latency: 232ms",EMERGENCY_PAUSE,OPEN
INC-0334,2026-08-26 09:11:45.949,CRITICAL,Execution Quality,SOLUSDT,"Slippage: 0.4118%, Latency: 292ms",EMERGENCY_PAUSE,OPEN
INC-0335,2026-08-26 09:11:46.221,CRITICAL,Execution Quality,SOLUSDT,"Slippage: 0.1699%, Latency: 798ms",EMERGENCY_PAUSE,OPEN
INC-0336,2026-08-26 09:11:46.363,CRITICAL,Execution Quality,SOLUSDT,"Slippage: 0.447%, Latency: 352ms",EMERGENCY_PAUSE,OPEN
INC-0337,2026-08-26 09:11:46.610,CRITICAL,Execution Quality,ETHUSDT,"Slippage: 0.4243%, Latency: 198ms",EMERGENCY_PAUSE,OPEN
INC-0338,2026-08-26 09:11:46.823,CRITICAL,Execution Quality,ETHUSDT,"Slippage: 0.4451%, Latency: 203ms",EMERGENCY_PAUSE,OPEN
INC-0339,2026-08-26 09:11:46.908,CRITICAL,Execution Quality,BTCUSDT,"Slippage: 0.3253%, Latency: 570ms",EMERGENCY_PAUSE,OPEN
INC-0340,2026-08-26 09:11:47.177,CRITICAL,Execution Quality,SOLUSDT,"Slippage: 0.2253%, Latency: 800ms",EMERGENCY_PAUSE,OPEN
INC-0341,2026-08-26 09:12:06.929,HIGH,Execution Quality,ETHUSDT,"Slippage: 0.2053%, Latency: 1050ms",THROTTLE,OPEN
INC-0342,2026-08-26 09:12:07.173,CRITICAL,Execution Quality,SOLUSDT,"Slippage: 0.3342%, Latency: 206ms",EMERGENCY_PAUSE,OPEN
INC-0343,2026-08-26 09:12:07.316,CRITICAL,Execution Quality,BTCUSDT,"Slippage: 0.3228%, Latency: 299ms",EMERGENCY_PAUSE,OPEN
INC-0344,2026-08-26 09:12:07.451,CRITICAL,Execution Quality,BTCUSDT,"Slippage: 0.2144%, Latency: 190ms",EMERGENCY_PAUSE,OPEN
INC-0345,2026-08-26 09:12:07.577,CRITICAL,Execution Quality,ETHUSDT,"Slippage: 0.2057%, Latency: 377ms",EMERGENCY_PAUSE,OPEN
INC-0346,2026-08-26 09:12:07.695,CRITICAL,Execution Quality,SOLUSDT,"Slippage: 0.2291%, Latency: 325ms",EMERGENCY_PAUSE,OPEN
INC-0347,2026-08-26 09:12:07.916,CRITICAL,Execution Quality,BTCUSDT,"Slippage: 0.257%, Latency: 446ms",EMERGENCY_PAUSE,OPEN
INC-0348,2026-08-26 09:12:08.178,CRITICAL,Execution Quality,ETHUSDT,"Slippage: 0.3411%, Latency: 318ms",EMERGENCY_PAUSE,OPEN
INC-0349,2026-08-26 09:12:08.473,CRITICAL,Execution Quality,BTCUSDT,"Slippage: 0.2504%, Latency: 219ms",EMERGENCY_PAUSE,OPEN
INC-0350,2026-08-26 09:12:08.768,CRITICAL,Execution Quality,ETHUSDT,"Slippage: 0.1699%, Latency: 307ms",EMERGENCY_PAUSE,OPEN
INC-0351,2026-08-26 09:12:28.870,HIGH,Execution Quality,SOLUSDT,"Slippage: 0.4235%, Latency: 304ms",THROTTLE,OPEN
INC-0352,2026-08-26 09:12:28.953,CRITICAL,Execution Quality,SOLUSDT,"Slippage: 0.2386%, Latency: 215ms",EMERGENCY_PAUSE,OPEN
INC-0353,2026-08-26 09:12:29.178,CRITICAL,Execution Quality,BTCUSDT,"Slippage: 0.4283%, Latency: 428ms",EMERGENCY_PAUSE,OPEN
INC-0354,2026-08-26 09:12:29.329,CRITICAL,Execution Quality,BTCUSDT,"Slippage: 0.213%, Latency: 587ms",EMERGENCY_PAUSE,OPEN
INC-0355,2026-08-26 09:12:29.419,CRITICAL,Execution Quality,BTCUSDT,"Slippage: 0.4414%, Latency: 595ms",EMERGENCY_PAUSE,OPEN
INC-0356,2026-08-26 09:12:29.576,CRITICAL,Execution Quality,SOLUSDT,"Slippage: 0.3964%, Latency: 319ms",EMERGENCY_PAUSE,OPEN
INC-0357,2026-08-26 09:12:29.780,CRITICAL,Execution Quality,BTCUSDT,"Slippage: 0.2231%, Latency: 315ms",EMERGENCY_PAUSE,OPEN
INC-0358,2026-08-26 09:12:29.917,CRITICAL,Execution Quality,ETHUSDT,"Slippage: 0.3438%, Latency: 536ms",EMERGENCY_PAUSE,OPEN
INC-0359,2026-08-26 09:12:30.146,CRITICAL,Execution Quality,ETHUSDT,"Slippage: 0.2522%, Latency: 243ms",EMERGENCY_PAUSE,OPEN
INC-0360,2026-08-26 09:12:30.344,CRITICAL,Execution Quality,ETHUSDT,"Slippage: 0.4409%, Latency: 291ms",EMERGENCY_PAUSE,OPEN
INC-0361,2026-08-26 09:12:51.075,HIGH,Execution Quality,ETHUSDT,"Slippage: 0.1603%, Latency: 297ms",THROTTLE,OPEN
INC-0362,2026-08-26 09:12:51.147,CRITICAL,Execution Quality,BTCUSDT,"Slippage: 0.35%, Latency: 184ms",EMERGENCY_PAUSE,OPEN
INC-0363,2026-08-26 09:12:51.299,CRITICAL,Execution Quality,SOLUSDT,"Slippage: 0.2125%, Latency: 1458ms",EMERGENCY_PAUSE,OPEN
INC-0364,2026-08-26 09:12:51.579,CRITICAL,Execution Quality,SOLUSDT,"Slippage: 0.3588%, Latency: 953ms",EMERGENCY_PAUSE,OPEN
INC-0365,2026-08-26 09:12:51.861,CRITICAL,Execution Quality,ETHUSDT,"Slippage: 0.3998%, Latency: 222ms",EMERGENCY_PAUSE,OPEN
INC-0366,2026-08-26 09:12:52.052,CRITICAL,Execution Quality,BTCUSDT,"Slippage: 0.3079%, Latency: 255ms",EMERGENCY_PAUSE,OPEN
INC-0367,2026-08-26 09:12:52.146,CRITICAL,Execution Quality,ETHUSDT,"Slippage: 0.2429%, Latency: 581ms",EMERGENCY_PAUSE,OPEN
INC-0368,2026-08-26 09:12:52.389,CRITICAL,Execution Quality,SOLUSDT,"Slippage: 0.1693%, Latency: 534ms",EMERGENCY_PAUSE,OPEN
INC-0369,2026-08-26 09:12:52.545,CRITICAL,Execution Quality,BTCUSDT,"Slippage: 0.427%, Latency: 436ms",EMERGENCY_PAUSE,OPEN
INC-0370,2026-08-26 09:12:52.796,CRITICAL,Execution Quality,ETHUSDT,"Slippage: 0.2011%, Latency: 436ms",EMERGENCY_PAUSE,OPEN
INC-0371,2026-08-26 09:13:11.802,HIGH,Execution Quality,BTCUSDT,"Slippage: 0.2091%, Latency: 251ms",THROTTLE,OPEN
INC-0372,2026-08-26 09:13:11.996,CRITICAL,Execution Quality,ETHUSDT,"Slippage: 0.2167%, Latency: 880ms",EMERGENCY_PAUSE,OPEN
INC-0373,2026-08-26 09:13:12.165,CRITICAL,Execution Quality,SOLUSDT,"Slippage: 0.4471%, Latency: 234ms",EMERGENCY_PAUSE,OPEN
INC-0374,2026-08-26 09:13:12.235,CRITICAL,Execution Quality,SOLUSDT,"Slippage: 0.2053%, Latency: 218ms",EMERGENCY_PAUSE,OPEN
INC-0375,2026-08-26 09:13:12.353,CRITICAL,Execution Quality,ETHUSDT,"Slippage: 0.424%, Latency: 506ms",EMERGENCY_PAUSE,OPEN
INC-0376,2026-08-26 09:13:12.429,CRITICAL,Execution Quality,SOLUSDT,"Slippage: 0.3463%, Latency: 252ms",EMERGENCY_PAUSE,OPEN
INC-0377,2026-08-26 09:13:12.671,CRITICAL,Execution Quality,BTCUSDT,"Slippage: 0.1743%, Latency: 250ms",EMERGENCY_PAUSE,OPEN
INC-0378,2026-08-26 09:13:12.757,CRITICAL,Execution Quality,BTCUSDT,"Slippage: 0.2279%, Latency: 298ms",EMERGENCY_PAUSE,OPEN
INC-0379,2026-08-26 09:13:12.827,CRITICAL,Execution Quality,SOLUSDT,"Slippage: 0.1845%, Latency: 348ms",EMERGENCY_PAUSE,OPEN
INC-0380,2026-08-26 09:13:12.983,CRITICAL,Execution Quality,BTCUSDT,"Slippage: 0.1849%, Latency: 298ms",EMERGENCY_PAUSE,OPEN
INC-0381,2026-08-26 09:13:32.462,HIGH,Execution Quality,SOLUSDT,"Slippage: 0.3624%, Latency: 439ms",THROTTLE,OPEN
INC-0382,2026-08-26 09:13:32.620,CRITICAL,Execution Quality,ETHUSDT,"Slippage: 0.2745%, Latency: 406ms",EMERGENCY_PAUSE,OPEN
INC-0383,2026-08-26 09:13:32.823,CRITICAL,Execution Quality,BTCUSDT,"Slippage: 0.3387%, Latency: 472ms",EMERGENCY_PAUSE,OPEN
INC-0384,2026-08-26 09:13:32.985,CRITICAL,Execution Quality,ETHUSDT,"Slippage: 0.3523%, Latency: 1155ms",EMERGENCY_PAUSE,OPEN
INC-0385,2026-08-26 09:13:33.249,CRITICAL,Execution Quality,SOLUSDT,"Slippage: 0.3728%, Latency: 350ms",EMERGENCY_PAUSE,OPEN
INC-0386,2026-08-26 09:13:33.404,CRITICAL,Execution Quality,BTCUSDT,"Slippage: 0.2883%, Latency: 658ms",EMERGENCY_PAUSE,OPEN
INC-0387,2026-08-26 09:13:33.684,CRITICAL,Execution Quality,BTCUSDT,"Slippage: 0.3115%, Latency: 439ms",EMERGENCY_PAUSE,OPEN
INC-0388,2026-08-26 09:13:33.803,CRITICAL,Execution Quality,SOLUSDT,"Slippage: 0.2987%, Latency: 184ms",EMERGENCY_PAUSE,OPEN
INC-0389,2026-08-26 09:13:33.943,CRITICAL,Execution Quality,SOLUSDT,"Slippage: 0.4018%, Latency: 556ms",EMERGENCY_PAUSE,OPEN
INC-0390,2026-08-26 09:13:34.193,CRITICAL,Execution Quality,BTCUSDT,"Slippage: 0.4135%, Latency: 580ms",EMERGENCY_PAUSE,OPEN
INC-0391,2026-08-26 09:13:54.419,HIGH,Execution Quality,ETHUSDT,"Slippage: 0.3884%, Latency: 416ms",THROTTLE,OPEN
INC-0392,2026-08-26 09:13:54.618,CRITICAL,Execution Quality,ETHUSDT,"Slippage: 0.2318%, Latency: 319ms",EMERGENCY_PAUSE,OPEN
INC-0393,2026-08-26 09:13:54.771,CRITICAL,Execution Quality,BTCUSDT,"Slippage: 0.2954%, Latency: 404ms",EMERGENCY_PAUSE,OPEN
INC-0394,2026-08-26 09:13:55.039,CRITICAL,Execution Quality,SOLUSDT,"Slippage: 0.2498%, Latency: 287ms",EMERGENCY_PAUSE,OPEN
INC-0395,2026-08-26 09:13:55.202,CRITICAL,Execution Quality,ETHUSDT,"Slippage: 0.3632%, Latency: 709ms",EMERGENCY_PAUSE,OPEN
INC-0396,2026-08-26 09:13:55.495,CRITICAL,Execution Quality,SOLUSDT,"Slippage: 0.1628%, Latency: 325ms",EMERGENCY_PAUSE,OPEN
INC-0397,2026-08-26 09:13:55.765,CRITICAL,Execution Quality,ETHUSDT,"Slippage: 0.3447%, Latency: 695ms",EMERGENCY_PAUSE,OPEN
INC-0398,2026-08-26 09:13:55.861,CRITICAL,Execution Quality,BTCUSDT,"Slippage: 0.3147%, Latency: 377ms",EMERGENCY_PAUSE,OPEN
INC-0399,2026-08-26 09:13:56.102,CRITICAL,Execution Quality,ETHUSDT,"Slippage: 0.2693%, Latency: 497ms",EMERGENCY_PAUSE,OPEN
INC-0400,2026-08-26 09:13:56.173,CRITICAL,Execution Quality,ETHUSDT,"Slippage: 0.3997%, Latency: 209ms",EMERGENCY_PAUSE,OPEN
INC-0401,2026-08-26 09:14:15.785,HIGH,Execution Quality,ETHUSDT,"Slippage: 0.3671%, Latency: 253ms",THROTTLE,OPEN
INC-0402,2026-08-26 09:14:15.994,CRITICAL,Execution Quality,SOLUSDT,"Slippage: 0.4294%, Latency: 364ms",EMERGENCY_PAUSE,OPEN
INC-0403,2026-08-26 09:14:16.189,CRITICAL,Execution Quality,ETHUSDT,"Slippage: 0.2624%, Latency: 181ms",EMERGENCY_PAUSE,OPEN
INC-0404,2026-08-26 09:14:16.433,CRITICAL,Execution Quality,SOLUSDT,"Slippage: 0.2905%, Latency: 451ms",EMERGENCY_PAUSE,OPEN
INC-0405,2026-08-26 09:14:16.514,CRITICAL,Execution Quality,ETHUSDT,"Slippage: 0.4339%, Latency: 197ms",EMERGENCY_PAUSE,OPEN
INC-0406,2026-08-26 09:14:16.798,CRITICAL,Execution Quality,BTCUSDT,"Slippage: 0.1597%, Latency: 676ms",EMERGENCY_PAUSE,OPEN
INC-0407,2026-08-26 09:14:16.884,CRITICAL,Execution Quality,BTCUSDT,"Slippage: 0.3553%, Latency: 264ms",EMERGENCY_PAUSE,OPEN
INC-0408,2026-08-26 09:14:17.147,CRITICAL,Execution Quality,BTCUSDT,"Slippage: 0.3862%, Latency: 289ms",EMERGENCY_PAUSE,OPEN
INC-0409,2026-08-26 09:14:17.245,CRITICAL,Execution Quality,ETHUSDT,"Slippage: 0.1507%, Latency: 466ms",EMERGENCY_PAUSE,OPEN
INC-0410,2026-08-26 09:14:17.424,CRITICAL,Execution Quality,ETHUSDT,"Slippage: 0.3836%, Latency: 196ms",EMERGENCY_PAUSE,OPEN
